sample-id,absolute-filepath,direction
HPW060,/data/putnamlab/estrand/HoloInt_16s/raw-data/HPW060_S44_L001_R1_001.fastq.gz,forward
HPW060,/data/putnamlab/estrand/HoloInt_16s/raw-data/HPW060_S44_L001_R2_001.fastq.gz,reverse
HPW061,/data/putnamlab/estrand/HoloInt_16s/raw-data/HPW061_S56_L001_R1_001.fastq.gz,forward
HPW061,/data/putnamlab/estrand/HoloInt_16s/raw-data/HPW061_S56_L001_R2_001.fastq.gz,reverse
HPW062,/data/putnamlab/estrand/HoloInt_16s/raw-data/HPW062_S68_L001_R1_001.fastq.gz,forward
HPW062,/data/putnamlab/estrand/HoloInt_16s/raw-data/HPW062_S68_L001_R2_001.fastq.gz,reverse
HPW063,/data/putnamlab/estrand/HoloInt_16s/raw-data/HPW063_S80_L001_R1_001.fastq.gz,forward
HPW063,/data/putnamlab/estrand/HoloInt_16s/raw-data/HPW063_S80_L001_R2_001.fastq.gz,reverse
HPW064,/data/putnamlab/estrand/HoloInt_16s/raw-data/HPW064_S92_L001_R1_001.fastq.gz,forward
HPW064,/data/putnamlab/estrand/HoloInt_16s/raw-data/HPW064_S92_L001_R2_001.fastq.gz,reverse
HPW065,/data/putnamlab/estrand/HoloInt_16s/raw-data/HPW065_S9_L001_R1_001.fastq.gz,forward
HPW065,/data/putnamlab/estrand/HoloInt_16s/raw-data/HPW065_S9_L001_R2_001.fastq.gz,reverse
HPW066,/data/putnamlab/estrand/HoloInt_16s/raw-data/HPW066_S21_L001_R1_001.fastq.gz,forward
HPW066,/data/putnamlab/estrand/HoloInt_16s/raw-data/HPW066_S21_L001_R2_001.fastq.gz,reverse
HPW067,/data/putnamlab/estrand/HoloInt_16s/raw-data/HPW067_S33_L001_R1_001.fastq.gz,forward
HPW067,/data/putnamlab/estrand/HoloInt_16s/raw-data/HPW067_S33_L001_R2_001.fastq.gz,reverse
HPW068,/data/putnamlab/estrand/HoloInt_16s/raw-data/HPW068_S45_L001_R1_001.fastq.gz,forward
HPW068,/data/putnamlab/estrand/HoloInt_16s/raw-data/HPW068_S45_L001_R2_001.fastq.gz,reverse
HPW069,/data/putnamlab/estrand/HoloInt_16s/raw-data/HPW069_S57_L001_R1_001.fastq.gz,forward
HPW069,/data/putnamlab/estrand/HoloInt_16s/raw-data/HPW069_S57_L001_R2_001.fastq.gz,reverse
HPW070,/data/putnamlab/estrand/HoloInt_16s/raw-data/HPW070_S69_L001_R1_001.fastq.gz,forward
HPW070,/data/putnamlab/estrand/HoloInt_16s/raw-data/HPW070_S69_L001_R2_001.fastq.gz,reverse
HPW071,/data/putnamlab/estrand/HoloInt_16s/raw-data/HPW071_S81_L001_R1_001.fastq.gz,forward
HPW071,/data/putnamlab/estrand/HoloInt_16s/raw-data/HPW071_S81_L001_R2_001.fastq.gz,reverse
HPW072,/data/putnamlab/estrand/HoloInt_16s/raw-data/HPW072_S93_L001_R1_001.fastq.gz,forward
HPW072,/data/putnamlab/estrand/HoloInt_16s/raw-data/HPW072_S93_L001_R2_001.fastq.gz,reverse
HPW073,/data/putnamlab/estrand/HoloInt_16s/raw-data/HPW073_S10_L001_R1_001.fastq.gz,forward
HPW073,/data/putnamlab/estrand/HoloInt_16s/raw-data/HPW073_S10_L001_R2_001.fastq.gz,reverse
HPW074,/data/putnamlab/estrand/HoloInt_16s/raw-data/HPW074_S22_L001_R1_001.fastq.gz,forward
HPW074,/data/putnamlab/estrand/HoloInt_16s/raw-data/HPW074_S22_L001_R2_001.fastq.gz,reverse
HPW075,/data/putnamlab/estrand/HoloInt_16s/raw-data/HPW075_S34_L001_R1_001.fastq.gz,forward
HPW075,/data/putnamlab/estrand/HoloInt_16s/raw-data/HPW075_S34_L001_R2_001.fastq.gz,reverse
HPW076,/data/putnamlab/estrand/HoloInt_16s/raw-data/HPW076_S46_L001_R1_001.fastq.gz,forward
HPW076,/data/putnamlab/estrand/HoloInt_16s/raw-data/HPW076_S46_L001_R2_001.fastq.gz,reverse
HPW077,/data/putnamlab/estrand/HoloInt_16s/raw-data/HPW077_S58_L001_R1_001.fastq.gz,forward
HPW077,/data/putnamlab/estrand/HoloInt_16s/raw-data/HPW077_S58_L001_R2_001.fastq.gz,reverse
HPW078,/data/putnamlab/estrand/HoloInt_16s/raw-data/HPW078_S70_L001_R1_001.fastq.gz,forward
HPW078,/data/putnamlab/estrand/HoloInt_16s/raw-data/HPW078_S70_L001_R2_001.fastq.gz,reverse
HPW079,/data/putnamlab/estrand/HoloInt_16s/raw-data/HPW079_S82_L001_R1_001.fastq.gz,forward
HPW079,/data/putnamlab/estrand/HoloInt_16s/raw-data/HPW079_S82_L001_R2_001.fastq.gz,reverse
HPW080,/data/putnamlab/estrand/HoloInt_16s/raw-data/HPW080_S94_L001_R1_001.fastq.gz,forward
HPW080,/data/putnamlab/estrand/HoloInt_16s/raw-data/HPW080_S94_L001_R2_001.fastq.gz,reverse
HPW081,/data/putnamlab/estrand/HoloInt_16s/raw-data/HPW081_S11_L001_R1_001.fastq.gz,forward
HPW081,/data/putnamlab/estrand/HoloInt_16s/raw-data/HPW081_S11_L001_R2_001.fastq.gz,reverse
HPW082,/data/putnamlab/estrand/HoloInt_16s/raw-data/HPW082_S23_L001_R1_001.fastq.gz,forward
HPW082,/data/putnamlab/estrand/HoloInt_16s/raw-data/HPW082_S23_L001_R2_001.fastq.gz,reverse
HPW083,/data/putnamlab/estrand/HoloInt_16s/raw-data/HPW083_S35_L001_R1_001.fastq.gz,forward
HPW083,/data/putnamlab/estrand/HoloInt_16s/raw-data/HPW083_S35_L001_R2_001.fastq.gz,reverse
HPW084,/data/putnamlab/estrand/HoloInt_16s/raw-data/HPW084_S47_L001_R1_001.fastq.gz,forward
HPW084,/data/putnamlab/estrand/HoloInt_16s/raw-data/HPW084_S47_L001_R2_001.fastq.gz,reverse
HPW085,/data/putnamlab/estrand/HoloInt_16s/raw-data/HPW085_S59_L001_R1_001.fastq.gz,forward
HPW085,/data/putnamlab/estrand/HoloInt_16s/raw-data/HPW085_S59_L001_R2_001.fastq.gz,reverse
HPW086,/data/putnamlab/estrand/HoloInt_16s/raw-data/HPW086_S71_L001_R1_001.fastq.gz,forward
HPW086,/data/putnamlab/estrand/HoloInt_16s/raw-data/HPW086_S71_L001_R2_001.fastq.gz,reverse
HPW087,/data/putnamlab/estrand/HoloInt_16s/raw-data/HPW087_S83_L001_R1_001.fastq.gz,forward
HPW087,/data/putnamlab/estrand/HoloInt_16s/raw-data/HPW087_S83_L001_R2_001.fastq.gz,reverse
HPW088,/data/putnamlab/estrand/HoloInt_16s/raw-data/HPW088_S95_L001_R1_001.fastq.gz,forward
HPW088,/data/putnamlab/estrand/HoloInt_16s/raw-data/HPW088_S95_L001_R2_001.fastq.gz,reverse
HPW089,/data/putnamlab/estrand/HoloInt_16s/raw-data/HPW089_S12_L001_R1_001.fastq.gz,forward
HPW089,/data/putnamlab/estrand/HoloInt_16s/raw-data/HPW089_S12_L001_R2_001.fastq.gz,reverse
HPW090,/data/putnamlab/estrand/HoloInt_16s/raw-data/HPW090_S24_L001_R1_001.fastq.gz,forward
HPW090,/data/putnamlab/estrand/HoloInt_16s/raw-data/HPW090_S24_L001_R2_001.fastq.gz,reverse
HPW091,/data/putnamlab/estrand/HoloInt_16s/raw-data/HPW091_S36_L001_R1_001.fastq.gz,forward
HPW091,/data/putnamlab/estrand/HoloInt_16s/raw-data/HPW091_S36_L001_R2_001.fastq.gz,reverse
HPW092,/data/putnamlab/estrand/HoloInt_16s/raw-data/HPW092_S48_L001_R1_001.fastq.gz,forward
HPW092,/data/putnamlab/estrand/HoloInt_16s/raw-data/HPW092_S48_L001_R2_001.fastq.gz,reverse
HPW093,/data/putnamlab/estrand/HoloInt_16s/raw-data/HPW093_S60_L001_R1_001.fastq.gz,forward
HPW093,/data/putnamlab/estrand/HoloInt_16s/raw-data/HPW093_S60_L001_R2_001.fastq.gz,reverse
HPW094,/data/putnamlab/estrand/HoloInt_16s/raw-data/HPW094_S72_L001_R1_001.fastq.gz,forward
HPW094,/data/putnamlab/estrand/HoloInt_16s/raw-data/HPW094_S72_L001_R2_001.fastq.gz,reverse
HPW095,/data/putnamlab/estrand/HoloInt_16s/raw-data/HPW095_S84_L001_R1_001.fastq.gz,forward
HPW095,/data/putnamlab/estrand/HoloInt_16s/raw-data/HPW095_S84_L001_R2_001.fastq.gz,reverse
HPW096,/data/putnamlab/estrand/HoloInt_16s/raw-data/HPW096_S96_L001_R1_001.fastq.gz,forward
HPW096,/data/putnamlab/estrand/HoloInt_16s/raw-data/HPW096_S96_L001_R2_001.fastq.gz,reverse
HPW101,/data/putnamlab/estrand/HoloInt_16s/raw-data/HPW101_S97_L001_R1_001.fastq.gz,forward
HPW101,/data/putnamlab/estrand/HoloInt_16s/raw-data/HPW101_S97_L001_R2_001.fastq.gz,reverse
HPW102,/data/putnamlab/estrand/HoloInt_16s/raw-data/HPW102_S109_L001_R1_001.fastq.gz,forward
HPW102,/data/putnamlab/estrand/HoloInt_16s/raw-data/HPW102_S109_L001_R2_001.fastq.gz,reverse
HPW103,/data/putnamlab/estrand/HoloInt_16s/raw-data/HPW103_S121_L001_R1_001.fastq.gz,forward
HPW103,/data/putnamlab/estrand/HoloInt_16s/raw-data/HPW103_S121_L001_R2_001.fastq.gz,reverse
HPW104,/data/putnamlab/estrand/HoloInt_16s/raw-data/HPW104_S133_L001_R1_001.fastq.gz,forward
HPW104,/data/putnamlab/estrand/HoloInt_16s/raw-data/HPW104_S133_L001_R2_001.fastq.gz,reverse
HPW105,/data/putnamlab/estrand/HoloInt_16s/raw-data/HPW105_S145_L001_R1_001.fastq.gz,forward
HPW105,/data/putnamlab/estrand/HoloInt_16s/raw-data/HPW105_S145_L001_R2_001.fastq.gz,reverse
HPW106,/data/putnamlab/estrand/HoloInt_16s/raw-data/HPW106_S157_L001_R1_001.fastq.gz,forward
HPW106,/data/putnamlab/estrand/HoloInt_16s/raw-data/HPW106_S157_L001_R2_001.fastq.gz,reverse
HPW107,/data/putnamlab/estrand/HoloInt_16s/raw-data/HPW107_S169_L001_R1_001.fastq.gz,forward
HPW107,/data/putnamlab/estrand/HoloInt_16s/raw-data/HPW107_S169_L001_R2_001.fastq.gz,reverse
HPW108,/data/putnamlab/estrand/HoloInt_16s/raw-data/HPW108_S181_L001_R1_001.fastq.gz,forward
HPW108,/data/putnamlab/estrand/HoloInt_16s/raw-data/HPW108_S181_L001_R2_001.fastq.gz,reverse
HPW109,/data/putnamlab/estrand/HoloInt_16s/raw-data/HPW109_S98_L001_R1_001.fastq.gz,forward
HPW109,/data/putnamlab/estrand/HoloInt_16s/raw-data/HPW109_S98_L001_R2_001.fastq.gz,reverse
HPW110,/data/putnamlab/estrand/HoloInt_16s/raw-data/HPW110_S110_L001_R1_001.fastq.gz,forward
HPW110,/data/putnamlab/estrand/HoloInt_16s/raw-data/HPW110_S110_L001_R2_001.fastq.gz,reverse
HPW111,/data/putnamlab/estrand/HoloInt_16s/raw-data/HPW111_S122_L001_R1_001.fastq.gz,forward
HPW111,/data/putnamlab/estrand/HoloInt_16s/raw-data/HPW111_S122_L001_R2_001.fastq.gz,reverse
HPW112,/data/putnamlab/estrand/HoloInt_16s/raw-data/HPW112_S134_L001_R1_001.fastq.gz,forward
HPW112,/data/putnamlab/estrand/HoloInt_16s/raw-data/HPW112_S134_L001_R2_001.fastq.gz,reverse
HPW113,/data/putnamlab/estrand/HoloInt_16s/raw-data/HPW113_S146_L001_R1_001.fastq.gz,forward
HPW113,/data/putnamlab/estrand/HoloInt_16s/raw-data/HPW113_S146_L001_R2_001.fastq.gz,reverse
HPW114,/data/putnamlab/estrand/HoloInt_16s/raw-data/HPW114_S158_L001_R1_001.fastq.gz,forward
HPW114,/data/putnamlab/estrand/HoloInt_16s/raw-data/HPW114_S158_L001_R2_001.fastq.gz,reverse
HPW115,/data/putnamlab/estrand/HoloInt_16s/raw-data/HPW115_S170_L001_R1_001.fastq.gz,forward
HPW115,/data/putnamlab/estrand/HoloInt_16s/raw-data/HPW115_S170_L001_R2_001.fastq.gz,reverse
HPW116,/data/putnamlab/estrand/HoloInt_16s/raw-data/HPW116_S182_L001_R1_001.fastq.gz,forward
HPW116,/data/putnamlab/estrand/HoloInt_16s/raw-data/HPW116_S182_L001_R2_001.fastq.gz,reverse
HPW117,/data/putnamlab/estrand/HoloInt_16s/raw-data/HPW117_S99_L001_R1_001.fastq.gz,forward
HPW117,/data/putnamlab/estrand/HoloInt_16s/raw-data/HPW117_S99_L001_R2_001.fastq.gz,reverse
HPW118,/data/putnamlab/estrand/HoloInt_16s/raw-data/HPW118_S111_L001_R1_001.fastq.gz,forward
HPW118,/data/putnamlab/estrand/HoloInt_16s/raw-data/HPW118_S111_L001_R2_001.fastq.gz,reverse
HPW119,/data/putnamlab/estrand/HoloInt_16s/raw-data/HPW119_S123_L001_R1_001.fastq.gz,forward
HPW119,/data/putnamlab/estrand/HoloInt_16s/raw-data/HPW119_S123_L001_R2_001.fastq.gz,reverse
HPW120,/data/putnamlab/estrand/HoloInt_16s/raw-data/HPW120_S135_L001_R1_001.fastq.gz,forward
HPW120,/data/putnamlab/estrand/HoloInt_16s/raw-data/HPW120_S135_L001_R2_001.fastq.gz,reverse
HPW121,/data/putnamlab/estrand/HoloInt_16s/raw-data/HPW121_S147_L001_R1_001.fastq.gz,forward
HPW121,/data/putnamlab/estrand/HoloInt_16s/raw-data/HPW121_S147_L001_R2_001.fastq.gz,reverse
HPW122,/data/putnamlab/estrand/HoloInt_16s/raw-data/HPW122_S159_L001_R1_001.fastq.gz,forward
HPW122,/data/putnamlab/estrand/HoloInt_16s/raw-data/HPW122_S159_L001_R2_001.fastq.gz,reverse
HPW123,/data/putnamlab/estrand/HoloInt_16s/raw-data/HPW123_S171_L001_R1_001.fastq.gz,forward
HPW123,/data/putnamlab/estrand/HoloInt_16s/raw-data/HPW123_S171_L001_R2_001.fastq.gz,reverse
HPW124,/data/putnamlab/estrand/HoloInt_16s/raw-data/HPW124_S183_L001_R1_001.fastq.gz,forward
HPW124,/data/putnamlab/estrand/HoloInt_16s/raw-data/HPW124_S183_L001_R2_001.fastq.gz,reverse
HPW125,/data/putnamlab/estrand/HoloInt_16s/raw-data/HPW125_S100_L001_R1_001.fastq.gz,forward
HPW125,/data/putnamlab/estrand/HoloInt_16s/raw-data/HPW125_S100_L001_R2_001.fastq.gz,reverse
HPW126,/data/putnamlab/estrand/HoloInt_16s/raw-data/HPW126_S112_L001_R1_001.fastq.gz,forward
HPW126,/data/putnamlab/estrand/HoloInt_16s/raw-data/HPW126_S112_L001_R2_001.fastq.gz,reverse
HPW127,/data/putnamlab/estrand/HoloInt_16s/raw-data/HPW127_S124_L001_R1_001.fastq.gz,forward
HPW127,/data/putnamlab/estrand/HoloInt_16s/raw-data/HPW127_S124_L001_R2_001.fastq.gz,reverse
HPW128,/data/putnamlab/estrand/HoloInt_16s/raw-data/HPW128_S136_L001_R1_001.fastq.gz,forward
HPW128,/data/putnamlab/estrand/HoloInt_16s/raw-data/HPW128_S136_L001_R2_001.fastq.gz,reverse
HPW129,/data/putnamlab/estrand/HoloInt_16s/raw-data/HPW129_S148_L001_R1_001.fastq.gz,forward
HPW129,/data/putnamlab/estrand/HoloInt_16s/raw-data/HPW129_S148_L001_R2_001.fastq.gz,reverse
HPW130,/data/putnamlab/estrand/HoloInt_16s/raw-data/HPW130_S160_L001_R1_001.fastq.gz,forward
HPW130,/data/putnamlab/estrand/HoloInt_16s/raw-data/HPW130_S160_L001_R2_001.fastq.gz,reverse
HPW131,/data/putnamlab/estrand/HoloInt_16s/raw-data/HPW131_S172_L001_R1_001.fastq.gz,forward
HPW131,/data/putnamlab/estrand/HoloInt_16s/raw-data/HPW131_S172_L001_R2_001.fastq.gz,reverse
HPW132,/data/putnamlab/estrand/HoloInt_16s/raw-data/HPW132_S184_L001_R1_001.fastq.gz,forward
HPW132,/data/putnamlab/estrand/HoloInt_16s/raw-data/HPW132_S184_L001_R2_001.fastq.gz,reverse
HPW133,/data/putnamlab/estrand/HoloInt_16s/raw-data/HPW133_S101_L001_R1_001.fastq.gz,forward
HPW133,/data/putnamlab/estrand/HoloInt_16s/raw-data/HPW133_S101_L001_R2_001.fastq.gz,reverse
HPW134,/data/putnamlab/estrand/HoloInt_16s/raw-data/HPW134_S113_L001_R1_001.fastq.gz,forward
HPW134,/data/putnamlab/estrand/HoloInt_16s/raw-data/HPW134_S113_L001_R2_001.fastq.gz,reverse
HPW135,/data/putnamlab/estrand/HoloInt_16s/raw-data/HPW135_S125_L001_R1_001.fastq.gz,forward
HPW135,/data/putnamlab/estrand/HoloInt_16s/raw-data/HPW135_S125_L001_R2_001.fastq.gz,reverse
HPW136,/data/putnamlab/estrand/HoloInt_16s/raw-data/HPW136_S137_L001_R1_001.fastq.gz,forward
HPW136,/data/putnamlab/estrand/HoloInt_16s/raw-data/HPW136_S137_L001_R2_001.fastq.gz,reverse
HPW137,/data/putnamlab/estrand/HoloInt_16s/raw-data/HPW137_S149_L001_R1_001.fastq.gz,forward
HPW137,/data/putnamlab/estrand/HoloInt_16s/raw-data/HPW137_S149_L001_R2_001.fastq.gz,reverse
HPW138,/data/putnamlab/estrand/HoloInt_16s/raw-data/HPW138_S161_L001_R1_001.fastq.gz,forward
HPW138,/data/putnamlab/estrand/HoloInt_16s/raw-data/HPW138_S161_L001_R2_001.fastq.gz,reverse
HPW139,/data/putnamlab/estrand/HoloInt_16s/raw-data/HPW139_S173_L001_R1_001.fastq.gz,forward
HPW139,/data/putnamlab/estrand/HoloInt_16s/raw-data/HPW139_S173_L001_R2_001.fastq.gz,reverse
HPW140,/data/putnamlab/estrand/HoloInt_16s/raw-data/HPW140_S185_L001_R1_001.fastq.gz,forward
HPW140,/data/putnamlab/estrand/HoloInt_16s/raw-data/HPW140_S185_L001_R2_001.fastq.gz,reverse
HPW141,/data/putnamlab/estrand/HoloInt_16s/raw-data/HPW141_S102_L001_R1_001.fastq.gz,forward
HPW141,/data/putnamlab/estrand/HoloInt_16s/raw-data/HPW141_S102_L001_R2_001.fastq.gz,reverse
HPW142,/data/putnamlab/estrand/HoloInt_16s/raw-data/HPW142_S114_L001_R1_001.fastq.gz,forward
HPW142,/data/putnamlab/estrand/HoloInt_16s/raw-data/HPW142_S114_L001_R2_001.fastq.gz,reverse
HPW143,/data/putnamlab/estrand/HoloInt_16s/raw-data/HPW143_S126_L001_R1_001.fastq.gz,forward
HPW143,/data/putnamlab/estrand/HoloInt_16s/raw-data/HPW143_S126_L001_R2_001.fastq.gz,reverse
HPW144,/data/putnamlab/estrand/HoloInt_16s/raw-data/HPW144_S138_L001_R1_001.fastq.gz,forward
HPW144,/data/putnamlab/estrand/HoloInt_16s/raw-data/HPW144_S138_L001_R2_001.fastq.gz,reverse
HPW145,/data/putnamlab/estrand/HoloInt_16s/raw-data/HPW145_S150_L001_R1_001.fastq.gz,forward
HPW145,/data/putnamlab/estrand/HoloInt_16s/raw-data/HPW145_S150_L001_R2_001.fastq.gz,reverse
HPW146,/data/putnamlab/estrand/HoloInt_16s/raw-data/HPW146_S162_L001_R1_001.fastq.gz,forward
HPW146,/data/putnamlab/estrand/HoloInt_16s/raw-data/HPW146_S162_L001_R2_001.fastq.gz,reverse
HPW147,/data/putnamlab/estrand/HoloInt_16s/raw-data/HPW147_S174_L001_R1_001.fastq.gz,forward
HPW147,/data/putnamlab/estrand/HoloInt_16s/raw-data/HPW147_S174_L001_R2_001.fastq.gz,reverse
HPW148,/data/putnamlab/estrand/HoloInt_16s/raw-data/HPW148_S186_L001_R1_001.fastq.gz,forward
HPW148,/data/putnamlab/estrand/HoloInt_16s/raw-data/HPW148_S186_L001_R2_001.fastq.gz,reverse
HPW149,/data/putnamlab/estrand/HoloInt_16s/raw-data/HPW149_S103_L001_R1_001.fastq.gz,forward
HPW149,/data/putnamlab/estrand/HoloInt_16s/raw-data/HPW149_S103_L001_R2_001.fastq.gz,reverse
HPW150,/data/putnamlab/estrand/HoloInt_16s/raw-data/HPW150_S115_L001_R1_001.fastq.gz,forward
HPW150,/data/putnamlab/estrand/HoloInt_16s/raw-data/HPW150_S115_L001_R2_001.fastq.gz,reverse
HPW151,/data/putnamlab/estrand/HoloInt_16s/raw-data/HPW151_S127_L001_R1_001.fastq.gz,forward
HPW151,/data/putnamlab/estrand/HoloInt_16s/raw-data/HPW151_S127_L001_R2_001.fastq.gz,reverse
HPW152,/data/putnamlab/estrand/HoloInt_16s/raw-data/HPW152_S139_L001_R1_001.fastq.gz,forward
HPW152,/data/putnamlab/estrand/HoloInt_16s/raw-data/HPW152_S139_L001_R2_001.fastq.gz,reverse
HPW153,/data/putnamlab/estrand/HoloInt_16s/raw-data/HPW153_S151_L001_R1_001.fastq.gz,forward
HPW153,/data/putnamlab/estrand/HoloInt_16s/raw-data/HPW153_S151_L001_R2_001.fastq.gz,reverse
HPW154,/data/putnamlab/estrand/HoloInt_16s/raw-data/HPW154_S163_L001_R1_001.fastq.gz,forward
HPW154,/data/putnamlab/estrand/HoloInt_16s/raw-data/HPW154_S163_L001_R2_001.fastq.gz,reverse
HPW155,/data/putnamlab/estrand/HoloInt_16s/raw-data/HPW155_S175_L001_R1_001.fastq.gz,forward
HPW155,/data/putnamlab/estrand/HoloInt_16s/raw-data/HPW155_S175_L001_R2_001.fastq.gz,reverse
HPW156,/data/putnamlab/estrand/HoloInt_16s/raw-data/HPW156_S187_L001_R1_001.fastq.gz,forward
HPW156,/data/putnamlab/estrand/HoloInt_16s/raw-data/HPW156_S187_L001_R2_001.fastq.gz,reverse
HPW157,/data/putnamlab/estrand/HoloInt_16s/raw-data/HPW157_S104_L001_R1_001.fastq.gz,forward
HPW157,/data/putnamlab/estrand/HoloInt_16s/raw-data/HPW157_S104_L001_R2_001.fastq.gz,reverse
HPW158,/data/putnamlab/estrand/HoloInt_16s/raw-data/HPW158_S116_L001_R1_001.fastq.gz,forward
HPW158,/data/putnamlab/estrand/HoloInt_16s/raw-data/HPW158_S116_L001_R2_001.fastq.gz,reverse
HPW159,/data/putnamlab/estrand/HoloInt_16s/raw-data/HPW159_S128_L001_R1_001.fastq.gz,forward
HPW159,/data/putnamlab/estrand/HoloInt_16s/raw-data/HPW159_S128_L001_R2_001.fastq.gz,reverse
HPW160,/data/putnamlab/estrand/HoloInt_16s/raw-data/HPW160_S140_L001_R1_001.fastq.gz,forward
HPW160,/data/putnamlab/estrand/HoloInt_16s/raw-data/HPW160_S140_L001_R2_001.fastq.gz,reverse
HPW161,/data/putnamlab/estrand/HoloInt_16s/raw-data/HPW161_S152_L001_R1_001.fastq.gz,forward
HPW161,/data/putnamlab/estrand/HoloInt_16s/raw-data/HPW161_S152_L001_R2_001.fastq.gz,reverse
HPW162,/data/putnamlab/estrand/HoloInt_16s/raw-data/HPW162_S164_L001_R1_001.fastq.gz,forward
HPW162,/data/putnamlab/estrand/HoloInt_16s/raw-data/HPW162_S164_L001_R2_001.fastq.gz,reverse
HPW163,/data/putnamlab/estrand/HoloInt_16s/raw-data/HPW163_S176_L001_R1_001.fastq.gz,forward
HPW163,/data/putnamlab/estrand/HoloInt_16s/raw-data/HPW163_S176_L001_R2_001.fastq.gz,reverse
HPW164,/data/putnamlab/estrand/HoloInt_16s/raw-data/HPW164_S188_L001_R1_001.fastq.gz,forward
HPW164,/data/putnamlab/estrand/HoloInt_16s/raw-data/HPW164_S188_L001_R2_001.fastq.gz,reverse
HPW165,/data/putnamlab/estrand/HoloInt_16s/raw-data/HPW165_S105_L001_R1_001.fastq.gz,forward
HPW165,/data/putnamlab/estrand/HoloInt_16s/raw-data/HPW165_S105_L001_R2_001.fastq.gz,reverse
HPW166,/data/putnamlab/estrand/HoloInt_16s/raw-data/HPW166_S117_L001_R1_001.fastq.gz,forward
HPW166,/data/putnamlab/estrand/HoloInt_16s/raw-data/HPW166_S117_L001_R2_001.fastq.gz,reverse
HPW167,/data/putnamlab/estrand/HoloInt_16s/raw-data/HPW167_S129_L001_R1_001.fastq.gz,forward
HPW167,/data/putnamlab/estrand/HoloInt_16s/raw-data/HPW167_S129_L001_R2_001.fastq.gz,reverse
HPW168,/data/putnamlab/estrand/HoloInt_16s/raw-data/HPW168_S141_L001_R1_001.fastq.gz,forward
HPW168,/data/putnamlab/estrand/HoloInt_16s/raw-data/HPW168_S141_L001_R2_001.fastq.gz,reverse
HPW169,/data/putnamlab/estrand/HoloInt_16s/raw-data/HPW169_S153_L001_R1_001.fastq.gz,forward
HPW169,/data/putnamlab/estrand/HoloInt_16s/raw-data/HPW169_S153_L001_R2_001.fastq.gz,reverse
HPW170,/data/putnamlab/estrand/HoloInt_16s/raw-data/HPW170_S165_L001_R1_001.fastq.gz,forward
HPW170,/data/putnamlab/estrand/HoloInt_16s/raw-data/HPW170_S165_L001_R2_001.fastq.gz,reverse
HPW171,/data/putnamlab/estrand/HoloInt_16s/raw-data/HPW171_S177_L001_R1_001.fastq.gz,forward
HPW171,/data/putnamlab/estrand/HoloInt_16s/raw-data/HPW171_S177_L001_R2_001.fastq.gz,reverse
HPW172,/data/putnamlab/estrand/HoloInt_16s/raw-data/HPW172_S189_L001_R1_001.fastq.gz,forward
HPW172,/data/putnamlab/estrand/HoloInt_16s/raw-data/HPW172_S189_L001_R2_001.fastq.gz,reverse
HPW173,/data/putnamlab/estrand/HoloInt_16s/raw-data/HPW173_S106_L001_R1_001.fastq.gz,forward
HPW173,/data/putnamlab/estrand/HoloInt_16s/raw-data/HPW173_S106_L001_R2_001.fastq.gz,reverse
HPW174,/data/putnamlab/estrand/HoloInt_16s/raw-data/HPW174_S118_L001_R1_001.fastq.gz,forward
HPW174,/data/putnamlab/estrand/HoloInt_16s/raw-data/HPW174_S118_L001_R2_001.fastq.gz,reverse
HPW175,/data/putnamlab/estrand/HoloInt_16s/raw-data/HPW175_S130_L001_R1_001.fastq.gz,forward
HPW175,/data/putnamlab/estrand/HoloInt_16s/raw-data/HPW175_S130_L001_R2_001.fastq.gz,reverse
HPW176,/data/putnamlab/estrand/HoloInt_16s/raw-data/HPW176_S142_L001_R1_001.fastq.gz,forward
HPW176,/data/putnamlab/estrand/HoloInt_16s/raw-data/HPW176_S142_L001_R2_001.fastq.gz,reverse
HPW177,/data/putnamlab/estrand/HoloInt_16s/raw-data/HPW177_S154_L001_R1_001.fastq.gz,forward
HPW177,/data/putnamlab/estrand/HoloInt_16s/raw-data/HPW177_S154_L001_R2_001.fastq.gz,reverse
HPW178,/data/putnamlab/estrand/HoloInt_16s/raw-data/HPW178_S166_L001_R1_001.fastq.gz,forward
HPW178,/data/putnamlab/estrand/HoloInt_16s/raw-data/HPW178_S166_L001_R2_001.fastq.gz,reverse
HPW179,/data/putnamlab/estrand/HoloInt_16s/raw-data/HPW179_S178_L001_R1_001.fastq.gz,forward
HPW179,/data/putnamlab/estrand/HoloInt_16s/raw-data/HPW179_S178_L001_R2_001.fastq.gz,reverse
HPW180,/data/putnamlab/estrand/HoloInt_16s/raw-data/HPW180_S190_L001_R1_001.fastq.gz,forward
HPW180,/data/putnamlab/estrand/HoloInt_16s/raw-data/HPW180_S190_L001_R2_001.fastq.gz,reverse
HPW181,/data/putnamlab/estrand/HoloInt_16s/raw-data/HPW181_S107_L001_R1_001.fastq.gz,forward
HPW181,/data/putnamlab/estrand/HoloInt_16s/raw-data/HPW181_S107_L001_R2_001.fastq.gz,reverse
HPW182,/data/putnamlab/estrand/HoloInt_16s/raw-data/HPW182_S119_L001_R1_001.fastq.gz,forward
HPW182,/data/putnamlab/estrand/HoloInt_16s/raw-data/HPW182_S119_L001_R2_001.fastq.gz,reverse
HPW183,/data/putnamlab/estrand/HoloInt_16s/raw-data/HPW183_S131_L001_R1_001.fastq.gz,forward
HPW183,/data/putnamlab/estrand/HoloInt_16s/raw-data/HPW183_S131_L001_R2_001.fastq.gz,reverse
HPW184,/data/putnamlab/estrand/HoloInt_16s/raw-data/HPW184_S143_L001_R1_001.fastq.gz,forward
HPW184,/data/putnamlab/estrand/HoloInt_16s/raw-data/HPW184_S143_L001_R2_001.fastq.gz,reverse
HPW185,/data/putnamlab/estrand/HoloInt_16s/raw-data/HPW185_S155_L001_R1_001.fastq.gz,forward
HPW185,/data/putnamlab/estrand/HoloInt_16s/raw-data/HPW185_S155_L001_R2_001.fastq.gz,reverse
HPW186,/data/putnamlab/estrand/HoloInt_16s/raw-data/HPW186_S167_L001_R1_001.fastq.gz,forward
HPW186,/data/putnamlab/estrand/HoloInt_16s/raw-data/HPW186_S167_L001_R2_001.fastq.gz,reverse
HPW187,/data/putnamlab/estrand/HoloInt_16s/raw-data/HPW187_S179_L001_R1_001.fastq.gz,forward
HPW187,/data/putnamlab/estrand/HoloInt_16s/raw-data/HPW187_S179_L001_R2_001.fastq.gz,reverse
HPW188,/data/putnamlab/estrand/HoloInt_16s/raw-data/HPW188_S191_L001_R1_001.fastq.gz,forward
HPW188,/data/putnamlab/estrand/HoloInt_16s/raw-data/HPW188_S191_L001_R2_001.fastq.gz,reverse
HPW189,/data/putnamlab/estrand/HoloInt_16s/raw-data/HPW189_S108_L001_R1_001.fastq.gz,forward
HPW189,/data/putnamlab/estrand/HoloInt_16s/raw-data/HPW189_S108_L001_R2_001.fastq.gz,reverse
HPW190,/data/putnamlab/estrand/HoloInt_16s/raw-data/HPW190_S120_L001_R1_001.fastq.gz,forward
HPW190,/data/putnamlab/estrand/HoloInt_16s/raw-data/HPW190_S120_L001_R2_001.fastq.gz,reverse
HPW191,/data/putnamlab/estrand/HoloInt_16s/raw-data/HPW191_S132_L001_R1_001.fastq.gz,forward
HPW191,/data/putnamlab/estrand/HoloInt_16s/raw-data/HPW191_S132_L001_R2_001.fastq.gz,reverse
HPW192,/data/putnamlab/estrand/HoloInt_16s/raw-data/HPW192_S144_L001_R1_001.fastq.gz,forward
HPW192,/data/putnamlab/estrand/HoloInt_16s/raw-data/HPW192_S144_L001_R2_001.fastq.gz,reverse
HPW193,/data/putnamlab/estrand/HoloInt_16s/raw-data/HPW193_S156_L001_R1_001.fastq.gz,forward
HPW193,/data/putnamlab/estrand/HoloInt_16s/raw-data/HPW193_S156_L001_R2_001.fastq.gz,reverse
HPW194,/data/putnamlab/estrand/HoloInt_16s/raw-data/HPW194_S168_L001_R1_001.fastq.gz,forward
HPW194,/data/putnamlab/estrand/HoloInt_16s/raw-data/HPW194_S168_L001_R2_001.fastq.gz,reverse
HPW195,/data/putnamlab/estrand/HoloInt_16s/raw-data/HPW195_S180_L001_R1_001.fastq.gz,forward
HPW195,/data/putnamlab/estrand/HoloInt_16s/raw-data/HPW195_S180_L001_R2_001.fastq.gz,reverse
HPW196,/data/putnamlab/estrand/HoloInt_16s/raw-data/HPW196_S192_L001_R1_001.fastq.gz,forward
HPW196,/data/putnamlab/estrand/HoloInt_16s/raw-data/HPW196_S192_L001_R2_001.fastq.gz,reverse
HPW201,/data/putnamlab/estrand/HoloInt_16s/raw-data/HPW201_S293_L001_R1_001.fastq.gz,forward
HPW201,/data/putnamlab/estrand/HoloInt_16s/raw-data/HPW201_S293_L001_R2_001.fastq.gz,reverse
HPW202,/data/putnamlab/estrand/HoloInt_16s/raw-data/HPW202_S297_L001_R1_001.fastq.gz,forward
HPW202,/data/putnamlab/estrand/HoloInt_16s/raw-data/HPW202_S297_L001_R2_001.fastq.gz,reverse
HPW203,/data/putnamlab/estrand/HoloInt_16s/raw-data/HPW203_S301_L001_R1_001.fastq.gz,forward
HPW203,/data/putnamlab/estrand/HoloInt_16s/raw-data/HPW203_S301_L001_R2_001.fastq.gz,reverse
HPW204,/data/putnamlab/estrand/HoloInt_16s/raw-data/HPW204_S305_L001_R1_001.fastq.gz,forward
HPW204,/data/putnamlab/estrand/HoloInt_16s/raw-data/HPW204_S305_L001_R2_001.fastq.gz,reverse
HPW205,/data/putnamlab/estrand/HoloInt_16s/raw-data/HPW205_S241_L001_R1_001.fastq.gz,forward
HPW205,/data/putnamlab/estrand/HoloInt_16s/raw-data/HPW205_S241_L001_R2_001.fastq.gz,reverse
HPW206,/data/putnamlab/estrand/HoloInt_16s/raw-data/HPW206_S253_L001_R1_001.fastq.gz,forward
HPW206,/data/putnamlab/estrand/HoloInt_16s/raw-data/HPW206_S253_L001_R2_001.fastq.gz,reverse
HPW207,/data/putnamlab/estrand/HoloInt_16s/raw-data/HPW207_S265_L001_R1_001.fastq.gz,forward
HPW207,/data/putnamlab/estrand/HoloInt_16s/raw-data/HPW207_S265_L001_R2_001.fastq.gz,reverse
HPW208,/data/putnamlab/estrand/HoloInt_16s/raw-data/HPW208_S277_L001_R1_001.fastq.gz,forward
HPW208,/data/putnamlab/estrand/HoloInt_16s/raw-data/HPW208_S277_L001_R2_001.fastq.gz,reverse
HPW209,/data/putnamlab/estrand/HoloInt_16s/raw-data/HPW209_S194_L001_R1_001.fastq.gz,forward
HPW209,/data/putnamlab/estrand/HoloInt_16s/raw-data/HPW209_S194_L001_R2_001.fastq.gz,reverse
HPW210,/data/putnamlab/estrand/HoloInt_16s/raw-data/HPW210_S206_L001_R1_001.fastq.gz,forward
HPW210,/data/putnamlab/estrand/HoloInt_16s/raw-data/HPW210_S206_L001_R2_001.fastq.gz,reverse
HPW211,/data/putnamlab/estrand/HoloInt_16s/raw-data/HPW211_S218_L001_R1_001.fastq.gz,forward
HPW211,/data/putnamlab/estrand/HoloInt_16s/raw-data/HPW211_S218_L001_R2_001.fastq.gz,reverse
HPW212,/data/putnamlab/estrand/HoloInt_16s/raw-data/HPW212_S230_L001_R1_001.fastq.gz,forward
HPW212,/data/putnamlab/estrand/HoloInt_16s/raw-data/HPW212_S230_L001_R2_001.fastq.gz,reverse
HPW213,/data/putnamlab/estrand/HoloInt_16s/raw-data/HPW213_S242_L001_R1_001.fastq.gz,forward
HPW213,/data/putnamlab/estrand/HoloInt_16s/raw-data/HPW213_S242_L001_R2_001.fastq.gz,reverse
HPW214,/data/putnamlab/estrand/HoloInt_16s/raw-data/HPW214_S254_L001_R1_001.fastq.gz,forward
HPW214,/data/putnamlab/estrand/HoloInt_16s/raw-data/HPW214_S254_L001_R2_001.fastq.gz,reverse
HPW215,/data/putnamlab/estrand/HoloInt_16s/raw-data/HPW215_S266_L001_R1_001.fastq.gz,forward
HPW215,/data/putnamlab/estrand/HoloInt_16s/raw-data/HPW215_S266_L001_R2_001.fastq.gz,reverse
HPW216,/data/putnamlab/estrand/HoloInt_16s/raw-data/HPW216_S278_L001_R1_001.fastq.gz,forward
HPW216,/data/putnamlab/estrand/HoloInt_16s/raw-data/HPW216_S278_L001_R2_001.fastq.gz,reverse
HPW217,/data/putnamlab/estrand/HoloInt_16s/raw-data/HPW217_S195_L001_R1_001.fastq.gz,forward
HPW217,/data/putnamlab/estrand/HoloInt_16s/raw-data/HPW217_S195_L001_R2_001.fastq.gz,reverse
HPW218,/data/putnamlab/estrand/HoloInt_16s/raw-data/HPW218_S207_L001_R1_001.fastq.gz,forward
HPW218,/data/putnamlab/estrand/HoloInt_16s/raw-data/HPW218_S207_L001_R2_001.fastq.gz,reverse
HPW219,/data/putnamlab/estrand/HoloInt_16s/raw-data/HPW219_S219_L001_R1_001.fastq.gz,forward
HPW219,/data/putnamlab/estrand/HoloInt_16s/raw-data/HPW219_S219_L001_R2_001.fastq.gz,reverse
HPW220,/data/putnamlab/estrand/HoloInt_16s/raw-data/HPW220_S231_L001_R1_001.fastq.gz,forward
HPW220,/data/putnamlab/estrand/HoloInt_16s/raw-data/HPW220_S231_L001_R2_001.fastq.gz,reverse
HPW221,/data/putnamlab/estrand/HoloInt_16s/raw-data/HPW221_S243_L001_R1_001.fastq.gz,forward
HPW221,/data/putnamlab/estrand/HoloInt_16s/raw-data/HPW221_S243_L001_R2_001.fastq.gz,reverse
HPW222,/data/putnamlab/estrand/HoloInt_16s/raw-data/HPW222_S255_L001_R1_001.fastq.gz,forward
HPW222,/data/putnamlab/estrand/HoloInt_16s/raw-data/HPW222_S255_L001_R2_001.fastq.gz,reverse
HPW223,/data/putnamlab/estrand/HoloInt_16s/raw-data/HPW223_S267_L001_R1_001.fastq.gz,forward
HPW223,/data/putnamlab/estrand/HoloInt_16s/raw-data/HPW223_S267_L001_R2_001.fastq.gz,reverse
HPW224,/data/putnamlab/estrand/HoloInt_16s/raw-data/HPW224_S279_L001_R1_001.fastq.gz,forward
HPW224,/data/putnamlab/estrand/HoloInt_16s/raw-data/HPW224_S279_L001_R2_001.fastq.gz,reverse
HPW225,/data/putnamlab/estrand/HoloInt_16s/raw-data/HPW225_S196_L001_R1_001.fastq.gz,forward
HPW225,/data/putnamlab/estrand/HoloInt_16s/raw-data/HPW225_S196_L001_R2_001.fastq.gz,reverse
HPW226,/data/putnamlab/estrand/HoloInt_16s/raw-data/HPW226_S208_L001_R1_001.fastq.gz,forward
HPW226,/data/putnamlab/estrand/HoloInt_16s/raw-data/HPW226_S208_L001_R2_001.fastq.gz,reverse
HPW227,/data/putnamlab/estrand/HoloInt_16s/raw-data/HPW227_S220_L001_R1_001.fastq.gz,forward
HPW227,/data/putnamlab/estrand/HoloInt_16s/raw-data/HPW227_S220_L001_R2_001.fastq.gz,reverse
HPW228,/data/putnamlab/estrand/HoloInt_16s/raw-data/HPW228_S232_L001_R1_001.fastq.gz,forward
HPW228,/data/putnamlab/estrand/HoloInt_16s/raw-data/HPW228_S232_L001_R2_001.fastq.gz,reverse
HPW229,/data/putnamlab/estrand/HoloInt_16s/raw-data/HPW229_S244_L001_R1_001.fastq.gz,forward
HPW229,/data/putnamlab/estrand/HoloInt_16s/raw-data/HPW229_S244_L001_R2_001.fastq.gz,reverse
HPW230,/data/putnamlab/estrand/HoloInt_16s/raw-data/HPW230_S256_L001_R1_001.fastq.gz,forward
HPW230,/data/putnamlab/estrand/HoloInt_16s/raw-data/HPW230_S256_L001_R2_001.fastq.gz,reverse
HPW231,/data/putnamlab/estrand/HoloInt_16s/raw-data/HPW231_S268_L001_R1_001.fastq.gz,forward
HPW231,/data/putnamlab/estrand/HoloInt_16s/raw-data/HPW231_S268_L001_R2_001.fastq.gz,reverse
HPW232,/data/putnamlab/estrand/HoloInt_16s/raw-data/HPW232_S280_L001_R1_001.fastq.gz,forward
HPW232,/data/putnamlab/estrand/HoloInt_16s/raw-data/HPW232_S280_L001_R2_001.fastq.gz,reverse
HPW233,/data/putnamlab/estrand/HoloInt_16s/raw-data/HPW233_S197_L001_R1_001.fastq.gz,forward
HPW233,/data/putnamlab/estrand/HoloInt_16s/raw-data/HPW233_S197_L001_R2_001.fastq.gz,reverse
HPW234,/data/putnamlab/estrand/HoloInt_16s/raw-data/HPW234_S209_L001_R1_001.fastq.gz,forward
HPW234,/data/putnamlab/estrand/HoloInt_16s/raw-data/HPW234_S209_L001_R2_001.fastq.gz,reverse
HPW235,/data/putnamlab/estrand/HoloInt_16s/raw-data/HPW235_S221_L001_R1_001.fastq.gz,forward
HPW235,/data/putnamlab/estrand/HoloInt_16s/raw-data/HPW235_S221_L001_R2_001.fastq.gz,reverse
HPW236,/data/putnamlab/estrand/HoloInt_16s/raw-data/HPW236_S233_L001_R1_001.fastq.gz,forward
HPW236,/data/putnamlab/estrand/HoloInt_16s/raw-data/HPW236_S233_L001_R2_001.fastq.gz,reverse
HPW237,/data/putnamlab/estrand/HoloInt_16s/raw-data/HPW237_S245_L001_R1_001.fastq.gz,forward
HPW237,/data/putnamlab/estrand/HoloInt_16s/raw-data/HPW237_S245_L001_R2_001.fastq.gz,reverse
HPW238,/data/putnamlab/estrand/HoloInt_16s/raw-data/HPW238_S257_L001_R1_001.fastq.gz,forward
HPW238,/data/putnamlab/estrand/HoloInt_16s/raw-data/HPW238_S257_L001_R2_001.fastq.gz,reverse
HPW239,/data/putnamlab/estrand/HoloInt_16s/raw-data/HPW239_S269_L001_R1_001.fastq.gz,forward
HPW239,/data/putnamlab/estrand/HoloInt_16s/raw-data/HPW239_S269_L001_R2_001.fastq.gz,reverse
HPW240,/data/putnamlab/estrand/HoloInt_16s/raw-data/HPW240_S281_L001_R1_001.fastq.gz,forward
HPW240,/data/putnamlab/estrand/HoloInt_16s/raw-data/HPW240_S281_L001_R2_001.fastq.gz,reverse
HPW241,/data/putnamlab/estrand/HoloInt_16s/raw-data/HPW241_S198_L001_R1_001.fastq.gz,forward
HPW241,/data/putnamlab/estrand/HoloInt_16s/raw-data/HPW241_S198_L001_R2_001.fastq.gz,reverse
HPW242,/data/putnamlab/estrand/HoloInt_16s/raw-data/HPW242_S210_L001_R1_001.fastq.gz,forward
HPW242,/data/putnamlab/estrand/HoloInt_16s/raw-data/HPW242_S210_L001_R2_001.fastq.gz,reverse
HPW243,/data/putnamlab/estrand/HoloInt_16s/raw-data/HPW243_S222_L001_R1_001.fastq.gz,forward
HPW243,/data/putnamlab/estrand/HoloInt_16s/raw-data/HPW243_S222_L001_R2_001.fastq.gz,reverse
HPW244,/data/putnamlab/estrand/HoloInt_16s/raw-data/HPW244_S234_L001_R1_001.fastq.gz,forward
HPW244,/data/putnamlab/estrand/HoloInt_16s/raw-data/HPW244_S234_L001_R2_001.fastq.gz,reverse
HPW245,/data/putnamlab/estrand/HoloInt_16s/raw-data/HPW245_S246_L001_R1_001.fastq.gz,forward
HPW245,/data/putnamlab/estrand/HoloInt_16s/raw-data/HPW245_S246_L001_R2_001.fastq.gz,reverse
HPW246,/data/putnamlab/estrand/HoloInt_16s/raw-data/HPW246_S258_L001_R1_001.fastq.gz,forward
HPW246,/data/putnamlab/estrand/HoloInt_16s/raw-data/HPW246_S258_L001_R2_001.fastq.gz,reverse
HPW247,/data/putnamlab/estrand/HoloInt_16s/raw-data/HPW247_S270_L001_R1_001.fastq.gz,forward
HPW247,/data/putnamlab/estrand/HoloInt_16s/raw-data/HPW247_S270_L001_R2_001.fastq.gz,reverse
HPW248,/data/putnamlab/estrand/HoloInt_16s/raw-data/HPW248_S282_L001_R1_001.fastq.gz,forward
HPW248,/data/putnamlab/estrand/HoloInt_16s/raw-data/HPW248_S282_L001_R2_001.fastq.gz,reverse
HPW249,/data/putnamlab/estrand/HoloInt_16s/raw-data/HPW249_S199_L001_R1_001.fastq.gz,forward
HPW249,/data/putnamlab/estrand/HoloInt_16s/raw-data/HPW249_S199_L001_R2_001.fastq.gz,reverse
HPW250,/data/putnamlab/estrand/HoloInt_16s/raw-data/HPW250_S211_L001_R1_001.fastq.gz,forward
HPW250,/data/putnamlab/estrand/HoloInt_16s/raw-data/HPW250_S211_L001_R2_001.fastq.gz,reverse
HPW251,/data/putnamlab/estrand/HoloInt_16s/raw-data/HPW251_S223_L001_R1_001.fastq.gz,forward
HPW251,/data/putnamlab/estrand/HoloInt_16s/raw-data/HPW251_S223_L001_R2_001.fastq.gz,reverse
HPW252,/data/putnamlab/estrand/HoloInt_16s/raw-data/HPW252_S235_L001_R1_001.fastq.gz,forward
HPW252,/data/putnamlab/estrand/HoloInt_16s/raw-data/HPW252_S235_L001_R2_001.fastq.gz,reverse
HPW253,/data/putnamlab/estrand/HoloInt_16s/raw-data/HPW253_S247_L001_R1_001.fastq.gz,forward
HPW253,/data/putnamlab/estrand/HoloInt_16s/raw-data/HPW253_S247_L001_R2_001.fastq.gz,reverse
HPW254,/data/putnamlab/estrand/HoloInt_16s/raw-data/HPW254_S259_L001_R1_001.fastq.gz,forward
HPW254,/data/putnamlab/estrand/HoloInt_16s/raw-data/HPW254_S259_L001_R2_001.fastq.gz,reverse
HPW255,/data/putnamlab/estrand/HoloInt_16s/raw-data/HPW255_S271_L001_R1_001.fastq.gz,forward
HPW255,/data/putnamlab/estrand/HoloInt_16s/raw-data/HPW255_S271_L001_R2_001.fastq.gz,reverse
HPW256,/data/putnamlab/estrand/HoloInt_16s/raw-data/HPW256_S283_L001_R1_001.fastq.gz,forward
HPW256,/data/putnamlab/estrand/HoloInt_16s/raw-data/HPW256_S283_L001_R2_001.fastq.gz,reverse
HPW257,/data/putnamlab/estrand/HoloInt_16s/raw-data/HPW257_S200_L001_R1_001.fastq.gz,forward
HPW257,/data/putnamlab/estrand/HoloInt_16s/raw-data/HPW257_S200_L001_R2_001.fastq.gz,reverse
HPW258,/data/putnamlab/estrand/HoloInt_16s/raw-data/HPW258_S212_L001_R1_001.fastq.gz,forward
HPW258,/data/putnamlab/estrand/HoloInt_16s/raw-data/HPW258_S212_L001_R2_001.fastq.gz,reverse
HPW259,/data/putnamlab/estrand/HoloInt_16s/raw-data/HPW259_S224_L001_R1_001.fastq.gz,forward
HPW259,/data/putnamlab/estrand/HoloInt_16s/raw-data/HPW259_S224_L001_R2_001.fastq.gz,reverse
HPW260,/data/putnamlab/estrand/HoloInt_16s/raw-data/HPW260_S236_L001_R1_001.fastq.gz,forward
HPW260,/data/putnamlab/estrand/HoloInt_16s/raw-data/HPW260_S236_L001_R2_001.fastq.gz,reverse
HPW261,/data/putnamlab/estrand/HoloInt_16s/raw-data/HPW261_S248_L001_R1_001.fastq.gz,forward
HPW261,/data/putnamlab/estrand/HoloInt_16s/raw-data/HPW261_S248_L001_R2_001.fastq.gz,reverse
HPW262,/data/putnamlab/estrand/HoloInt_16s/raw-data/HPW262_S260_L001_R1_001.fastq.gz,forward
HPW262,/data/putnamlab/estrand/HoloInt_16s/raw-data/HPW262_S260_L001_R2_001.fastq.gz,reverse
HPW263,/data/putnamlab/estrand/HoloInt_16s/raw-data/HPW263_S272_L001_R1_001.fastq.gz,forward
HPW263,/data/putnamlab/estrand/HoloInt_16s/raw-data/HPW263_S272_L001_R2_001.fastq.gz,reverse
HPW264,/data/putnamlab/estrand/HoloInt_16s/raw-data/HPW264_S284_L001_R1_001.fastq.gz,forward
HPW264,/data/putnamlab/estrand/HoloInt_16s/raw-data/HPW264_S284_L001_R2_001.fastq.gz,reverse
HPW265,/data/putnamlab/estrand/HoloInt_16s/raw-data/HPW265_S201_L001_R1_001.fastq.gz,forward
HPW265,/data/putnamlab/estrand/HoloInt_16s/raw-data/HPW265_S201_L001_R2_001.fastq.gz,reverse
HPW266,/data/putnamlab/estrand/HoloInt_16s/raw-data/HPW266_S213_L001_R1_001.fastq.gz,forward
HPW266,/data/putnamlab/estrand/HoloInt_16s/raw-data/HPW266_S213_L001_R2_001.fastq.gz,reverse
HPW267,/data/putnamlab/estrand/HoloInt_16s/raw-data/HPW267_S225_L001_R1_001.fastq.gz,forward
HPW267,/data/putnamlab/estrand/HoloInt_16s/raw-data/HPW267_S225_L001_R2_001.fastq.gz,reverse
HPW268,/data/putnamlab/estrand/HoloInt_16s/raw-data/HPW268_S237_L001_R1_001.fastq.gz,forward
HPW268,/data/putnamlab/estrand/HoloInt_16s/raw-data/HPW268_S237_L001_R2_001.fastq.gz,reverse
HPW269,/data/putnamlab/estrand/HoloInt_16s/raw-data/HPW269_S249_L001_R1_001.fastq.gz,forward
HPW269,/data/putnamlab/estrand/HoloInt_16s/raw-data/HPW269_S249_L001_R2_001.fastq.gz,reverse
HPW270,/data/putnamlab/estrand/HoloInt_16s/raw-data/HPW270_S261_L001_R1_001.fastq.gz,forward
HPW270,/data/putnamlab/estrand/HoloInt_16s/raw-data/HPW270_S261_L001_R2_001.fastq.gz,reverse
HPW271,/data/putnamlab/estrand/HoloInt_16s/raw-data/HPW271_S273_L001_R1_001.fastq.gz,forward
HPW271,/data/putnamlab/estrand/HoloInt_16s/raw-data/HPW271_S273_L001_R2_001.fastq.gz,reverse
HPW272,/data/putnamlab/estrand/HoloInt_16s/raw-data/HPW272_S285_L001_R1_001.fastq.gz,forward
HPW272,/data/putnamlab/estrand/HoloInt_16s/raw-data/HPW272_S285_L001_R2_001.fastq.gz,reverse
HPW273,/data/putnamlab/estrand/HoloInt_16s/raw-data/HPW273_S202_L001_R1_001.fastq.gz,forward
HPW273,/data/putnamlab/estrand/HoloInt_16s/raw-data/HPW273_S202_L001_R2_001.fastq.gz,reverse
HPW274,/data/putnamlab/estrand/HoloInt_16s/raw-data/HPW274_S214_L001_R1_001.fastq.gz,forward
HPW274,/data/putnamlab/estrand/HoloInt_16s/raw-data/HPW274_S214_L001_R2_001.fastq.gz,reverse
HPW275,/data/putnamlab/estrand/HoloInt_16s/raw-data/HPW275_S226_L001_R1_001.fastq.gz,forward
HPW275,/data/putnamlab/estrand/HoloInt_16s/raw-data/HPW275_S226_L001_R2_001.fastq.gz,reverse
HPW276,/data/putnamlab/estrand/HoloInt_16s/raw-data/HPW276_S238_L001_R1_001.fastq.gz,forward
HPW276,/data/putnamlab/estrand/HoloInt_16s/raw-data/HPW276_S238_L001_R2_001.fastq.gz,reverse
HPW277,/data/putnamlab/estrand/HoloInt_16s/raw-data/HPW277_S250_L001_R1_001.fastq.gz,forward
HPW277,/data/putnamlab/estrand/HoloInt_16s/raw-data/HPW277_S250_L001_R2_001.fastq.gz,reverse
HPW278,/data/putnamlab/estrand/HoloInt_16s/raw-data/HPW278_S262_L001_R1_001.fastq.gz,forward
HPW278,/data/putnamlab/estrand/HoloInt_16s/raw-data/HPW278_S262_L001_R2_001.fastq.gz,reverse
HPW279,/data/putnamlab/estrand/HoloInt_16s/raw-data/HPW279_S274_L001_R1_001.fastq.gz,forward
HPW279,/data/putnamlab/estrand/HoloInt_16s/raw-data/HPW279_S274_L001_R2_001.fastq.gz,reverse
HPW280,/data/putnamlab/estrand/HoloInt_16s/raw-data/HPW280_S286_L001_R1_001.fastq.gz,forward
HPW280,/data/putnamlab/estrand/HoloInt_16s/raw-data/HPW280_S286_L001_R2_001.fastq.gz,reverse
HPW281,/data/putnamlab/estrand/HoloInt_16s/raw-data/HPW281_S203_L001_R1_001.fastq.gz,forward
HPW281,/data/putnamlab/estrand/HoloInt_16s/raw-data/HPW281_S203_L001_R2_001.fastq.gz,reverse
HPW282,/data/putnamlab/estrand/HoloInt_16s/raw-data/HPW282_S215_L001_R1_001.fastq.gz,forward
HPW282,/data/putnamlab/estrand/HoloInt_16s/raw-data/HPW282_S215_L001_R2_001.fastq.gz,reverse
HPW283,/data/putnamlab/estrand/HoloInt_16s/raw-data/HPW283_S227_L001_R1_001.fastq.gz,forward
HPW283,/data/putnamlab/estrand/HoloInt_16s/raw-data/HPW283_S227_L001_R2_001.fastq.gz,reverse
HPW284,/data/putnamlab/estrand/HoloInt_16s/raw-data/HPW284_S239_L001_R1_001.fastq.gz,forward
HPW284,/data/putnamlab/estrand/HoloInt_16s/raw-data/HPW284_S239_L001_R2_001.fastq.gz,reverse
HPW285,/data/putnamlab/estrand/HoloInt_16s/raw-data/HPW285_S251_L001_R1_001.fastq.gz,forward
HPW285,/data/putnamlab/estrand/HoloInt_16s/raw-data/HPW285_S251_L001_R2_001.fastq.gz,reverse
HPW286,/data/putnamlab/estrand/HoloInt_16s/raw-data/HPW286_S263_L001_R1_001.fastq.gz,forward
HPW286,/data/putnamlab/estrand/HoloInt_16s/raw-data/HPW286_S263_L001_R2_001.fastq.gz,reverse
HPW287,/data/putnamlab/estrand/HoloInt_16s/raw-data/HPW287_S275_L001_R1_001.fastq.gz,forward
HPW287,/data/putnamlab/estrand/HoloInt_16s/raw-data/HPW287_S275_L001_R2_001.fastq.gz,reverse
HPW288,/data/putnamlab/estrand/HoloInt_16s/raw-data/HPW288_S287_L001_R1_001.fastq.gz,forward
HPW288,/data/putnamlab/estrand/HoloInt_16s/raw-data/HPW288_S287_L001_R2_001.fastq.gz,reverse
HPW289,/data/putnamlab/estrand/HoloInt_16s/raw-data/HPW289_S204_L001_R1_001.fastq.gz,forward
HPW289,/data/putnamlab/estrand/HoloInt_16s/raw-data/HPW289_S204_L001_R2_001.fastq.gz,reverse
HPW290,/data/putnamlab/estrand/HoloInt_16s/raw-data/HPW290_S216_L001_R1_001.fastq.gz,forward
HPW290,/data/putnamlab/estrand/HoloInt_16s/raw-data/HPW290_S216_L001_R2_001.fastq.gz,reverse
HPW291,/data/putnamlab/estrand/HoloInt_16s/raw-data/HPW291_S228_L001_R1_001.fastq.gz,forward
HPW291,/data/putnamlab/estrand/HoloInt_16s/raw-data/HPW291_S228_L001_R2_001.fastq.gz,reverse
HPW292,/data/putnamlab/estrand/HoloInt_16s/raw-data/HPW292_S240_L001_R1_001.fastq.gz,forward
HPW292,/data/putnamlab/estrand/HoloInt_16s/raw-data/HPW292_S240_L001_R2_001.fastq.gz,reverse
HPW293,/data/putnamlab/estrand/HoloInt_16s/raw-data/HPW293_S252_L001_R1_001.fastq.gz,forward
HPW293,/data/putnamlab/estrand/HoloInt_16s/raw-data/HPW293_S252_L001_R2_001.fastq.gz,reverse
HPW294,/data/putnamlab/estrand/HoloInt_16s/raw-data/HPW294_S264_L001_R1_001.fastq.gz,forward
HPW294,/data/putnamlab/estrand/HoloInt_16s/raw-data/HPW294_S264_L001_R2_001.fastq.gz,reverse
HPW295,/data/putnamlab/estrand/HoloInt_16s/raw-data/HPW295_S276_L001_R1_001.fastq.gz,forward
HPW295,/data/putnamlab/estrand/HoloInt_16s/raw-data/HPW295_S276_L001_R2_001.fastq.gz,reverse
HPW296,/data/putnamlab/estrand/HoloInt_16s/raw-data/HPW296_S288_L001_R1_001.fastq.gz,forward
HPW296,/data/putnamlab/estrand/HoloInt_16s/raw-data/HPW296_S288_L001_R2_001.fastq.gz,reverse
HPW301,/data/putnamlab/estrand/HoloInt_16s/raw-data/HPW301_S289_L001_R1_001.fastq.gz,forward
HPW301,/data/putnamlab/estrand/HoloInt_16s/raw-data/HPW301_S289_L001_R2_001.fastq.gz,reverse
HPW302,/data/putnamlab/estrand/HoloInt_16s/raw-data/HPW302_S294_L001_R1_001.fastq.gz,forward
HPW302,/data/putnamlab/estrand/HoloInt_16s/raw-data/HPW302_S294_L001_R2_001.fastq.gz,reverse
HPW303,/data/putnamlab/estrand/HoloInt_16s/raw-data/HPW303_S298_L001_R1_001.fastq.gz,forward
HPW303,/data/putnamlab/estrand/HoloInt_16s/raw-data/HPW303_S298_L001_R2_001.fastq.gz,reverse
HPW304,/data/putnamlab/estrand/HoloInt_16s/raw-data/HPW304_S303_L001_R1_001.fastq.gz,forward
HPW304,/data/putnamlab/estrand/HoloInt_16s/raw-data/HPW304_S303_L001_R2_001.fastq.gz,reverse
HPW305,/data/putnamlab/estrand/HoloInt_16s/raw-data/HPW305_S307_L001_R1_001.fastq.gz,forward
HPW305,/data/putnamlab/estrand/HoloInt_16s/raw-data/HPW305_S307_L001_R2_001.fastq.gz,reverse
HPW306,/data/putnamlab/estrand/HoloInt_16s/raw-data/HPW306_S309_L001_R1_001.fastq.gz,forward
HPW306,/data/putnamlab/estrand/HoloInt_16s/raw-data/HPW306_S309_L001_R2_001.fastq.gz,reverse
HPW307,/data/putnamlab/estrand/HoloInt_16s/raw-data/HPW307_S312_L001_R1_001.fastq.gz,forward
HPW307,/data/putnamlab/estrand/HoloInt_16s/raw-data/HPW307_S312_L001_R2_001.fastq.gz,reverse
HPW308,/data/putnamlab/estrand/HoloInt_16s/raw-data/HPW308_S315_L001_R1_001.fastq.gz,forward
HPW308,/data/putnamlab/estrand/HoloInt_16s/raw-data/HPW308_S315_L001_R2_001.fastq.gz,reverse
HPW309,/data/putnamlab/estrand/HoloInt_16s/raw-data/HPW309_S290_L001_R1_001.fastq.gz,forward
HPW309,/data/putnamlab/estrand/HoloInt_16s/raw-data/HPW309_S290_L001_R2_001.fastq.gz,reverse
HPW310,/data/putnamlab/estrand/HoloInt_16s/raw-data/HPW310_S295_L001_R1_001.fastq.gz,forward
HPW310,/data/putnamlab/estrand/HoloInt_16s/raw-data/HPW310_S295_L001_R2_001.fastq.gz,reverse
HPW311,/data/putnamlab/estrand/HoloInt_16s/raw-data/HPW311_S300_L001_R1_001.fastq.gz,forward
HPW311,/data/putnamlab/estrand/HoloInt_16s/raw-data/HPW311_S300_L001_R2_001.fastq.gz,reverse
HPW312,/data/putnamlab/estrand/HoloInt_16s/raw-data/HPW312_S304_L001_R1_001.fastq.gz,forward
HPW312,/data/putnamlab/estrand/HoloInt_16s/raw-data/HPW312_S304_L001_R2_001.fastq.gz,reverse
HPW313,/data/putnamlab/estrand/HoloInt_16s/raw-data/HPW313_S308_L001_R1_001.fastq.gz,forward
HPW313,/data/putnamlab/estrand/HoloInt_16s/raw-data/HPW313_S308_L001_R2_001.fastq.gz,reverse
HPW314,/data/putnamlab/estrand/HoloInt_16s/raw-data/HPW314_S310_L001_R1_001.fastq.gz,forward
HPW314,/data/putnamlab/estrand/HoloInt_16s/raw-data/HPW314_S310_L001_R2_001.fastq.gz,reverse
HPW315,/data/putnamlab/estrand/HoloInt_16s/raw-data/HPW315_S313_L001_R1_001.fastq.gz,forward
HPW315,/data/putnamlab/estrand/HoloInt_16s/raw-data/HPW315_S313_L001_R2_001.fastq.gz,reverse
HPW316,/data/putnamlab/estrand/HoloInt_16s/raw-data/HPW316_S316_L001_R1_001.fastq.gz,forward
HPW316,/data/putnamlab/estrand/HoloInt_16s/raw-data/HPW316_S316_L001_R2_001.fastq.gz,reverse
HPW317,/data/putnamlab/estrand/HoloInt_16s/raw-data/HPW317_S291_L001_R1_001.fastq.gz,forward
HPW317,/data/putnamlab/estrand/HoloInt_16s/raw-data/HPW317_S291_L001_R2_001.fastq.gz,reverse
HPW318,/data/putnamlab/estrand/HoloInt_16s/raw-data/HPW318_S296_L001_R1_001.fastq.gz,forward
HPW318,/data/putnamlab/estrand/HoloInt_16s/raw-data/HPW318_S296_L001_R2_001.fastq.gz,reverse
HPW319,/data/putnamlab/estrand/HoloInt_16s/raw-data/HPW319_S299_L001_R1_001.fastq.gz,forward
HPW319,/data/putnamlab/estrand/HoloInt_16s/raw-data/HPW319_S299_L001_R2_001.fastq.gz,reverse
HPW320,/data/putnamlab/estrand/HoloInt_16s/raw-data/HPW320_S302_L001_R1_001.fastq.gz,forward
HPW320,/data/putnamlab/estrand/HoloInt_16s/raw-data/HPW320_S302_L001_R2_001.fastq.gz,reverse
HPW321,/data/putnamlab/estrand/HoloInt_16s/raw-data/HPW321_S306_L001_R1_001.fastq.gz,forward
HPW321,/data/putnamlab/estrand/HoloInt_16s/raw-data/HPW321_S306_L001_R2_001.fastq.gz,reverse
HPW322,/data/putnamlab/estrand/HoloInt_16s/raw-data/HPW322_S311_L001_R1_001.fastq.gz,forward
HPW322,/data/putnamlab/estrand/HoloInt_16s/raw-data/HPW322_S311_L001_R2_001.fastq.gz,reverse
